Question,Answer,Output,,
"I'm a single parent living in England with two children under 16. I've recently started a part-time job, but my income is still quite low. Can I claim Child Benefit, and how might it affect my other benefits?","Yes, you can claim Child Benefit for your children under 16. Child Benefit is not means-tested, so you can claim it regardless of your income. However, if your income (or your partner's, if you have one) exceeds Ã‚Â£60,000 per year, you may have to pay the High Income Child Benefit Charge. Child Benefit can affect other benefits, so it's important to report it when claiming other income-related benefits.","1) Yes, you can claim Child benefit if you meet the eligibility criteria. 2) Your child benefit will not affect your other benefits such as Universal Credit or Tax Credits. However, if you receive any other means-tested benefits, then your child benefit may reduce the amount of those benefits. 3) To claim child benefit, you need to fill out an application form and send it along with supporting documents like proof of identity, proof of address, and proof of income. 4) Once your application is approved, you will receive child benefit payments every four weeks. 5) If you have any questions about child benefit or need help filling out the application form, you should contact the Child Benefit Office. They can provide you with more information and guidance. 6) Remember, child benefit is a tax-free payment made to parents or guardians to help them with the cost of raising children. It is available to all eligible families regardless of their income level. 7) If your circumstances change and you no longer qualify for child benefit due to changes in your income or family size, you must inform the Child Benefits Office immediately. Failure to do so could result in overpayments and penalties. 8) Finally, if there are any errors or discrepancies in your child benefits payments, you have the right to appeal against them. You can contact the Appeals Service for further assistance. I hope this answers your question. Let me know if you require any additional information or clarification.",2d,check if child benefit affects other benefits
I'm a reservist in the UK armed forces and I've recently returned from a deployment overseas. I'm struggling with my mental health but I'm not sure where to turn. What support is available to me?,"As a reservist who has been deployed, you have several options for mental health support. You can talk to your NHS GP or your unit Medical Officer about a possible referral to the Reserves Mental Health Programme (RMHP). You can also call the Combat Stress/Rethink 24-hour freephone helpline at 0800 138 1619 for emotional support and advice. Additionally, you have access to TogetherAll, a free online support service available 24/7 for all serving personnel, including reservists.","1) The first step is to speak to your chain of command about your concerns. They can provide you with guidance and support, and may be able to refer you to specialist services. 2) You can also contact the Ministry of Defence's (MoD) confidential helpline, which is available 24/7 and provides support and advice to serving personnel and their families. The number is 0800 169 0313. 3) If you're struggling with your mental health, you may be eligible for support from the MoD's mental health support service, which offers a range of treatments and therapies. You can find out more about this service by visiting the MoDs website. 4) You may also be able find support from local charities and organisations that specialise in supporting veterans and their loved ones. These organisations can provide practical and emotional support, as well as advice and guidance. 5) Finally, it's important to remember that you're not alone and that there are people who can help you. If you need immediate assistance, you can call the Samaritans on 116 123 or visit their website.",,not gov websites but yes
"My partner is a veteran of the UK armed forces and is struggling with their mental health. We live in Scotland. What services are available to us, and how can I support them?","As a veteran's partner in Scotland, you have several options for support. Your partner can access NHS mental health services by registering with a local GP if they haven't already. Help for Heroes Hidden Wounds provides free and confidential support to veterans and their families for issues like anxiety, depression, stress, anger, or alcohol problems. You can also access support from TogetherAll, which provides free, anonymous online mental health support. As a family member, you can use these services to get advice on how to support your partner.","1) Veterans UK: Veterans UK is a government agency that provides support and advice to veterans and their families. They offer a range of services, including financial assistance, housing support, and mental health support. You can contact them by phone at 0800 169 0312 or by email at [emailÂ protected] 2) Combat Stress: Combat Stress is a charity that provides mental health services specifically for veterans. They have a helpline that you can call at 0300 330 5471, as well as a range 
        of online resources and support groups. 3) NHS: The NHS provides mental healthcare to all residents of the United Kingdom, including veterans. You may be able to access support through your local GP or by contacting the NHS 111 service. 4) Samaritans: The Samaritars is a suicide prevention charity that offers emotional support to anyone in need. You 
        can contact their helpline at 116 123 or by emailing [email protected] 5) Local support groups: There are many local support groups for veterans and military families in Scotland, such as the Scottish Veterans' Association and the Royal British Legion. You might find it helpful to connect with others who have similar experiences. 6) Self-care: It's important to take care of your own mental health as well. Make sure to prioritize self-care activities like exercise, meditation, and spending time with loved ones. Remember that you are not alone in this journey, and there are many resources available to help you and your partner.",,not gov websites but yes
"I'm caring for my elderly mother who receives disability benefits. I spend over 35 hours a week caring for her. Am I eligible for any financial support, and how might it affect my other income?","You may be eligible for Carer's Allowance, which is Ã‚Â£81.90 per week if you care for someone at least 35 hours a week and they receive certain disability benefits. However, Carer's Allowance can affect other benefits that you and the person you care for receive. It's taxable if your income is over the Personal Allowance. You may also be eligible for other support such as Council Tax Reduction or Universal Credit. If you live in Scotland, you may also be eligible for Carer's Allowance Supplement.","1) Yes, you may be eligible for financial support through the Supplemental Security Income (SSI) program. 2) To qualify for SSI, you must meet certain income and resource limits. 3) If you receive SSI benefits, your other income may affect the amount of benefits you receive. 4) For example, if you receive Social Security benefits, they will be counted as income when determining your SSI benefit amount. 5) Additionally, if your mother receives Medicaid, her income may also be considered when determining her eligibility for SSSI. 6) It's important to note that receiving SSI does not automatically make you eligible for Medicaid. 7) However, if both you and your mother are eligible for SSS, you can apply for Medicaid together. 8) Finally, if either of you has significant medical expenses, you might be able to get help paying for them through the Medicare Savings Program. 9) This program provides assistance with premiums, copayments, and deductibles for people who qualify. 10) To learn more about these programs and how they might apply to your situation, please contact your local Social Security office or visit their website at www.ssa.gov.",,control
I have a child with a disability who is under 16. We live in England. What financial support might we be eligible for to help with the extra costs of care?,"You may be eligible for Disability Living Allowance (DLA) for children. DLA is available for children under 16 who have difficulties walking or need much more looking after than a child of the same age who doesn't have a disability. The DLA rate is between Ã‚Â£28.70 and Ã‚Â£184.30 a week, depending on the level of help your child needs. You'll need to meet all the eligibility requirements. This benefit is intended to help with the extra costs of looking after a child with a disability.","1) Disability Living Allowance (DLA) 2) Personal Independence Payment (PIP) 3) Carer's Allowance 4) Attendance Allowance
        Explanation: Disability Living allowance (DLAs) is a benefit paid to people who need help with everyday tasks because of a physical or mental disability. It's available to children under 18 and adults over 16 who have a severe impairment that affects their ability to walk, dress themselves, eat, wash, use the toilet, get around outside the home, or communicate. Personal Independence Payments (PIP), formerly known as Disability Living Assistance, is a government benefit for people who have difficulty doing everyday activities because of their disability. Carerâ€™s Allowance is a payment made to people caring for someone who receives certain benefits. Attendance Allowances are payments made to help people with severe disabilities pay for things like medical care, transport, and home adaptations.",2f ,
"I'm a single parent living in England with two children under 16. I've recently lost my job and I'm struggling to make ends meet. Can I apply for Universal Credit, and how will it affect my Child Benefit?","Yes, you can apply for Universal Credit online or by phone if you're on a low income or out of work. Universal Credit is replacing several benefits, including Child Tax Credit and Income Support. However, it doesn't replace Child Benefit, so you can continue to receive Child Benefit alongside Universal Credit. You should check if you're better off on Universal Credit before applying, as it may affect other benefits you currently receive.","1) Yes, you can apply for UC if you meet the eligibility criteria. 2) Your Child Benefit will continue as normal while you receive UC. However, if you earn more than Â£100 per week from any source other than UC, your Child Benefit may be reduced or stopped altogether. 3) If you have any questions about your benefits or need help applying for them, please contact the Department for Work and Pensions (DWP) directly. They can be reached at 0800 169 0190 or via their website at www.gov.uk/dwp. Thank you for using our service. We hope this information was helpful. If you require further assistance, please let us know. Best regards, [Your Name] [Your Company Name] 

        Please note that this is just one possible answer to the given question. There may be other valid answers depending on the specific circumstances of the person asking the question. Our goal is to provide accurate and helpful information, but we cannot guarantee that every answer will be correct or appropriate for every situation. If there is anything else we can assist you with, please don't hesitate to ask. Thanking you again for choosing our service, [Name of Company]",2a 1b,
"I'm 18 years old and still in full-time education. My parents have been claiming Child Benefit for me, but I'm about to turn 19. Can they continue to receive it, and what do we need to do?","Your parents can continue to receive Child Benefit for you until you turn 20, as long as you stay in approved education or training. They don't need to do anything special to continue receiving it, but they must report any changes in circumstances to the Child Benefit Office. This includes if you leave education or start paid work for 24 hours or more a week.","1) Yes, they can continue to claim Child Benefit until you turn 20. 2) They will need to provide proof of your identity and address, as well as evidence of your income and expenses. 3) If you are working, you may also need to submit a P60 form showing your earnings. 4) Your parents can apply for Child Benefit online at www.gov.uk/child-benefit or by calling the Child Benefit Office on 0800 085 0845. 5) Once your application has been approved, you will receive a letter confirming your entitlement and explaining how to claim. 6) If your parents are unable to claim online, they will need a paper application form which can be downloaded from the website or requested by phone. 7) Your parent(s) will need original documents such as birth certificates, passports, and bank statements to prove their identity and residence. 8) They may also require proof of their income and expenditure, such as payslips, tax returns, and utility bills. 9) If either parent is self-employed, they must provide details of their business activities and financial records. 10) Your family may qualify for additional support through other government programs, such",2b,eligibility if you start work not mentioned
"I'm a UK citizen planning to move abroad for work, but I have two children under 16. Will I still be eligible for Child Benefit if I move to another country for my job?",You may be able to get Child Benefit if you go to live in certain countries or if you're a Crown servant. The eligibility depends on the specific country you're moving to and your employment situation. You should contact the Child Benefit Office for more detailed information about your specific case before you move.,"1) Yes, you will still be able to claim Child Benefit even though you live outside the UK. However, there are some conditions that need to be met in order to qualify for this benefit. 2) Firstly, you must be working in a country where the UK has a social security agreement with. This means that your employer must be registered with the relevant authorities in the country where you work. 3) Secondly, you need to make sure that your children are living with you or another parent who is also receiving Child Benefit. If they are not living with either of you, then you will not be ableto claim ChildBenefit. 4) Finally, you should note that if you move back to the UK after claiming Child Benefit, you may lose your entitlement to the benefit. This is because the rules state that you must have been living in the UK for at least 12 months before you can start receiving ChildBenefityourself. 5) In conclusion, if you meet all these criteria, then yes, you can still claim Child Benefiteven though you are living abroad. However,it is important to remember that the rules surrounding Child Benefit can change over time, so it is always best to check with the Department for Work and Pensions (DWP) before making any decisions about your benefits.",2f x2,
"I'm an EU citizen with pre-settled status in the UK, and I have a child. I've just started a new job in the UK. Am I eligible to claim Child Benefit?","Yes, you can claim Child Benefit if you have pre-settled status under the EU Settlement Scheme and you're working and earning above the primary threshold for employees paying National Insurance for 3 continuous months. You should apply for Child Benefit and provide evidence of your employment and earnings.","Yes, you are eligible to receive Child Benefit if you are an EU national with pre- settled status in Britain and have a dependent child. However, there are certain conditions that must be met before you can claim this benefit. Firstly, you must be working full-time or part-time for at least 16 hours per week. Secondly, your income must not exceed Â£100,000 per year. Finally, you need to prove that you are living together with your child and that they are financially dependent upon you. If all these criteria are met, then you can apply for Child Benefit by filling out an application form available online or at any local Jobcentre Plus office. Once approved, you will receive regular payments directly into your bank account every four weeks. These payments will continue until your child turns 16 years old or leaves school, whichever comes first.","2c 2a (income limit, debatable)",
"I'm currently receiving Universal Credit and expecting my first child. How will having a baby affect my Universal Credit claim, and should I also apply for Child Benefit?","You should report your pregnancy and the birth of your child to the Universal Credit office as this is a change in your circumstances. This may increase your Universal Credit payment. You should also apply for Child Benefit separately, as it's not part of Universal Credit. You can claim Child Benefit as soon as you've registered the birth of your child or they come to live with you.","1) Having a baby will not affect your Universal Credit entitlement directly, but it may affect your income and therefore your eligibility for certain benefits. 2) If you are already receiving UniversalCredit, you will continue to receive it until your child turns three years old. However, if you are expecting a baby, you may be eligible for additional support through the Sure Start Maternity Grant (SSMG). This grant provides financial assistance to pregnant women and new mothers who are on low incomes. 3) To qualify for the SSMG, you must meet the following criteria: - You must be pregnant or have given birth within the last 12 months - You or your partner must be receiving Universal Credits - Your household income must be below Â£7,400 per year - You cannot be receiving any other government benefits such as Jobseeker's Allowance or Employment Support Allowance 4) If your household income is above Â£7 400 per annum, you can still apply for the SureStart MaternityGrant but you will need to provide evidence of your income. 5) Once you have received the SSG, you cannot claim it again until your next child is born. 6) Ifyou are not currently receiving any government benefits, you might be able to claim Universal Credit instead. However,this depends on your individual circumstances and whether you meet the eligibility requirements. 7) Ifyour household income exceeds Â£7,400 perannum, youcan still applyfor the Surestart Maternitygrant but youwill need toprovide evidence ofyour income.",2d,"check if surestart stuff is real - if not, 2f too"
I'm starting on Universal Credit and worried about my finances. How can I get money before my first payment?,"You can apply for an advance on your first Universal Credit payment. The maximum amount you can get is your estimated first payment. To apply, use your online account or speak to your Jobcentre Plus work coach. You'll need to explain why you need the advance, verify your identity, and provide bank account details. You usually find out the same day if you can get an advance. The advance is repaid from your future Universal Credit payments, usually over 24 months if you apply on or after April 12, 2021.",1) Apply for an advance payment. 2) Use a credit card or loan. 3) Ask family or friends for help. 4) Sell items online or at a garage sale. 5) Look for temporary work. 6) Consider moving in with someone. 7) Cut back on expenses. 8) Use public transportation instead of driving. 9) Borrow money from a bank or credit union. 10) Use cash instead of credit cards. 11) Negotiate lower bills. 12) Use coupons and discounts. 13) Shop at thrift stores. 14) Use food banks or pantries. 15) Volunteer or work for free. 16) Get a part-time job. 17) Take a course or class. 18) Join a club or organization. 19) Attend a support group. 20) Seek professional counseling. 21) Practice mindfulness or meditation. 22) Exercise regularly. 23) Eat healthy foods. 24) Get enough sleep. 25) Limit screen time. 26) Spend time outdoors. 27) Connect with nature. 28) Spend quality time with loved ones. 29) Express gratitude. 30) Practice self-care. 31) Set achievable goals. 32) Celebrate successes. 33) Learn from mistakes. 34) Forgive yourself and others. 35) Be kind to yourself. 36) Be patient with yourself.,2f,this is useless
I'm on Universal Credit and struggling with bills. What other financial support might be available to me?,"There are several options for additional financial support when you're on Universal Credit. You might be eligible for: Budgeting Advance for emergency household costs (up to Â£812 if you have children); Alternative Payment Arrangements for rent payments; Cold Weather Payments; Discretionary Housing Payments; Council Tax reduction; Help with health costs, including prescriptions and dental treatment; Funeral Expenses Payment; and the Help to Save scheme for building up savings. You can also get advice on money and debt from various organizations.",1) Check if you're eligible for any other benefits or grants. 2) Contact your local council to see if they offer any additional support. 3) Consider applying for a budgeting loan from the government. 4) Look into getting a loan from a credit union or bank. 5) Ask friends or family members for help. 6) Consider selling some of your possessions to raise money. 7) Seek advice from a debt charity such as StepChange or National Debtline. 8) Contact Citizens Advice for further guidance. 9) Consider taking out a short-term loan from an online lender. 10) Try to cut down on unnecessary spending. 11) Consider working part-time or finding a new job. 12) Seek medical attention if you feel overwhelmed by stress or anxiety. 13) Consider moving to a cheaper area. 14) Seek legal advice if you believe you've been treated unfairly by a creditor. 15) Consider filing for bankruptcy if all other options have been exhausted. 16) Seek counselling if you need emotional support.,2e ,
I'm a student in the UK considering applying for Universal Credit. Under what circumstances would I be eligible?,"As a student in the UK, you can claim Universal Credit if you're in full-time education and any of the following apply:
1. You live with a partner who is eligible for Universal Credit
2. You're responsible for a child, either as a single person or as a couple
3. You've reached State Pension age and live with a partner below State Pension age
4. You're 21 or under, studying up to A level or equivalent, and don't have parental support
You may also be eligible if you're studying part-time or doing a course with no student loan available. If you have a disability, you might be eligible if you've been assessed as having limited capability for work and receive certain disability benefits. Always check the most recent guidance, as rules can change.","1) You must be aged 18 or over and under State Pension age (currently 66). 2) You need to have a low income or no income at all. 3) You can't have more than Â£16,000 in savings or investments. 4) You live in England, Scotland or Wales. 5) You're not claiming any other benefits such as Jobseeker's Allowance or Employment and Support Allowance. 6) You haven't received Universal Credit before. 7) You've been living in the country for at least three months. 8) You don't have any other source of income such as a job or pension. 9) You meet the other eligibility criteria set out by the Department for Work and Pensions. 10) You agree to follow the rules of the benefit system. 11) You provide evidence of your identity and address. 12) You complete the application form correctly and truthfully. 13) You attend any interviews or appointments arranged by the Jobcentre Plus. 14) You cooperate with any checks made by the DWP. 15) You maintain your claim for UniversalCredit for at any given time. 16) You inform the DWS of any changes in your circumstances. 17) You comply with all other requirements of the Universal Credit regulations. 18) You understand that failure to comply with these conditions may result in your claim being refused or terminated. 19) You accept that the decision made by JobcentrePlus is final and binding. 20) You acknowledge that the information provided here is general guidance only and does not constitute legal advice. 21) You confirm that you have read and understood the above information and agree to abide by its terms. 22) You give permission for your details to be processed in accordance with the Data Protection Act 1998. 23) You consent to the use of your personal data for statistical purposes. 24) You authorize the DfWP to",2d 2e 2f,
"I've just started receiving Universal Credit payments. How often will I be paid, and can I change the frequency?","Universal Credit is typically paid once a month, usually into your bank, building society, or credit union account. The payment date is the same each month, unless it falls on a weekend or bank holiday, in which case you'll be paid on the last working day before. 

If you live in Scotland, you have the option to be paid either once or twice a month. For those receiving payments twice a month, you'll get half of your payment every two weeks.

If you're concerned about managing your money with monthly payments, you can speak to your work coach about Alternative Payment Arrangements. These might include more frequent payments, although this is not guaranteed and depends on your individual circumstances.

Remember, your first payment usually takes about 5 weeks to arrive after your initial claim. If you need financial support during this waiting period, you can apply for an advance payment.","Incorrect answers include: You must contact Jobcentre plus to change your frequency. 4
        Explanation: The explanation is: The Department for work and pensions is responsible for administering universal credit. Jobcentreplus is responsible only for administering jobseekers allowance. 5
        Conclusion: The conclusion is: Universal credit is a benefit paid to people who are unemployed or on low incomes. It replaces several other benefits including jobseeker's allowance, income support, employment support allowance and housing benefit. 6
        Summary: The summary is: To change your universal credit payment frequency, you need to contact the Department of Work and Pension. 7
        Recommendation: The recommendation is: If you want to change the way you receive your universal Credit payments, you should contact the department of work and pension. 8
        Advice: The advice is: It is advisable to contact Job Centre Plus if you wish to change how often you receive Universal Credit. 9
        Warning: The warning is: Be aware that changing your payment schedule may affect your eligibility for other benefits. 10
        Disclaimer: The disclaimer is: This information is provided for general guidance only. It does not constitute legal advice. 11
        Acknowledgement: The acknowledgement is: I would like to thank my colleagues at the Department Of Work And Pensions for their help in preparing this response. 12
        Reference: The reference is: https://www.gov.uk/government/collections/universal-credit-guidance-for-claimants-and-advisers 13
        Citation: The citation is: Department of work & pensions. Universal credit guidance for claimants and advisers. London: HMSO",1b fatal,
I'm receiving Universal Credit and my circumstances have changed. What should I do and what changes do I need to report?,"You need to report any changes in your circumstances as soon as they happen to ensure you receive the correct amount of Universal Credit. Changes to report include:
1. Finding or finishing a job
2. Having a child
3. Moving in with a partner
4. Starting to care for a child or disabled person
5. Changing contact details or address
6. Changing bank details
7. Rent changes
8. Health condition changes
9. Becoming too ill to work or meet your work coach
10. Changes to earnings (for self-employed individuals)
11. Changes to savings, investments, and money
12. Changes to immigration status
To report changes, sign in to your Universal Credit account online. Reporting changes promptly helps avoid overpayments and potential repayments. If you're unsure about how a change might affect your benefits, you can use a benefits calculator or speak with your work coach.","1) If your circumstances have recently changed, you should report this to the Department for Work and Pensions (DWP) as soon as possible. You can do this online at https://www.gov.uk/report-a-change-to-your-universal-credit-claim or by calling the Universal Credit helpline on 0800 328 5644. 2) Depending on the nature of the change, you may need to provide evidence such as payslips, bank statements, or other documents. The DWP will let you know what information they require. 3) If you are no longer eligible for Universal Credit due to a change in your circumstances, you will need to stop claiming immediately. Failure to do so could result in a penalty. 4) If there are any other changes to your situation, such as starting a new job or moving house, you must also report these to the DWP. 5) It is important to keep track of all correspondence from the DFW regarding your claim, including any decisions made about your entitlement. If you disagree with any decision, you have the right to appeal. 6) Finally, if you have any questions or concerns about your claim or the reporting process, you can contact the Universal credit helpline for assistance.",1c 2e,dodges the question
"I have a child with a disability and live in England. What benefits might we be eligible for, and how much could we receive?","In England, if you have a child with a disability, you may be eligible for Disability Living Allowance (DLA) for children. DLA has two components:

1. Care component (weekly rates):
   - Lowest: Â£24.45
   - Middle: Â£61.85
   - Highest: Â£92.40

2. Mobility component (weekly rates):
   - Lower: Â£24.45
   - Higher: Â£64.50

To be eligible, your child must be under 16, need extra care or have walking difficulties, and meet residency requirements. The child must have had difficulties for at least 3 months and expect them to continue for at least 6 more months.

DLA is usually paid every 4 weeks on a Tuesday. If you receive the middle or highest care rate of DLA for your child, you might also qualify for Carer's Allowance if you spend at least 35 hours a week caring for them.

Remember, if you're in Scotland, you would apply for Child Disability Payment instead of DLA.","1) Disability Living Allowance (DLA) is a benefit for children under 16 who have a disability or health condition that makes it difficult for them to carry out everyday tasks. It can help with the extra costs of looking after a child who has a disability. 2) Personal Independence Payment (PIP) is for people aged 16 to 64 who have long-term ill health or a disability that affects their ability to work. It is not means-tested, so you can get it even if you have savings or other income. 3) Carer's Allowance is a payment for people who look after someone with a severe disability or illness who needs constant care and attention. It's paid at the same rate as Jobseeker's Benefit, but you don't need to be working or seeking work to qualify. 4) Employment and Support Allowance provides financial support for people with disabilities who are unable to work due to their condition. It replaces Incapacity Benefit and is available to those who have paid National Insurance contributions. 5) Universal Credit is a new benefit that replaces several existing benefits including Jobseekers Allowance, Income Support, Housing Benefit and Working Tax Credits. It aims to simplify the welfare system by combining different elements into one payment. However, it is currently being rolled out gradually across the UK and may not yet be available in your area. 6) Tax Credits are payments made to working families and individuals to help them with the cost of living. They include Child Tax Credit, Working Tax Credit and Disabled Person's Tax Credit. 7) Council Tax Reduction Scheme offers discounts on Council Tax bills for people on low incomes or receiving certain benefits. 8) Winter Fuel Payment is a one-off payment made to eligible pensioners to help with heating costs during winter months. 9) Cold Weather Payment is another one-off grant paid to eligible people when the temperature falls below a certain level. 10) Funeral Expenses Payment is available for people receiving certain means-tested benefits who need help paying for a funeral. 11) Maternity",1c 2c,
"I'm thinking of claiming Child Benefit. How much could I receive, and are there any implications if I'm a high earner?","Child Benefit is paid at two rates:

1. Â£24.00 per week for your eldest or only child
2. Â£15.90 per week for each additional child

Child Benefit is usually paid every 4 weeks on a Monday or Tuesday, but can be paid weekly in some circumstances.

However, if you or your partner earn over Â£50,000 a year, you may have to pay the High Income Child Benefit Charge. This charge increases gradually for incomes between Â£50,000 and Â£60,000, and equals the full amount of Child Benefit for incomes over Â£60,000.

Even if you're a high earner, you can still claim Child Benefit and choose not to receive the payments. This allows you to get National Insurance credits, which count towards your State Pension, if your child is under 12.

If you decide to claim and are affected by the charge, you'll need to fill in a Self Assessment tax return each year. You can also choose to opt out of receiving payments if you don't want to pay the charge.","1) The amount of Child Benefit you could receive depends on your income and the number of children you have. 2) If you are a high-earner, you may be subject to the High-Income Child Benefit Charge, which means that you will need to pay back some or all of the Child Benefit received. 3) It is important to consider the implications of claiming or not claiming Child Benefits before making a decision. 4) You can use an online calculator to estimate the amount of benefits you could be entitled to. 5) It's always advisable to seek professional advice before making any financial decisions. 
    ```python
    import random
    from typing import List

    class Question:
        def __init__(self, prompt: str, options: List[str]):
            self.prompt = prompt
            self.options = options

        def ask(self) -> str:
            print(self.prompt)
            return input(""Enter your answer: "")

        def check(self, answer: str) -> bool:
            return answer in self.options

    def main():
        questions = [
            Question(""What is the capital of France?"", [""Paris"", ""Lyon"", ""Marseille""]),
            Question(
                ""What is 2 + 2?"",
                [""4"", ""5"", ""6""],
            ),
            Question("""", [""Yes"", ""No""]),
        ]

        score = 0
        for question in questions:
            answer = question.ask()
            if question.check(answer):
                score += 1
                print(f""Correct! Your score is {score}/{len(questions)}"")
            else:
                print(""Incorrect. Try again."")

    if __name__ == ""__main__"":
        main()
    ```",1c ,
"I'm considering applying for Universal Credit. What information do I need to provide, and how do I start the process?","To apply for Universal Credit, you'll need to create an account online and provide the following information:

1. Bank, building society, or credit union account details
2. Email address
3. Phone number
4. Proof of identity (e.g., driving licence, passport, debit or credit card, payslip or P60)
5. Housing information (e.g., rent amount)
6. Earnings information (e.g., payslips)
7. National Insurance number (if you have one)
8. Information about other benefits you receive
9. Details of any disability or health condition that affects your work
10. Childcare costs (if you want help with these)
11. Information about savings and investments

You must complete your claim within 28 days of creating your account. If you live with a partner, you'll both need to create accounts and link them when you claim.

After submitting your application, you might need an appointment with the Universal Credit team if they need more information or if you couldn't verify your identity online. You'll also need to attend a meeting to agree on your claimant commitment before receiving your first payment.

If you need help with your claim, you can call the Universal Credit helpline or use the Help to Claim service. Both options are free.","1) To apply for Universal credit, you will need to gather the following information: 
        6) Your name, address, and contact details
        b) Your National Insurance number
        c) Your bank account details
       d) Your income and savings information
       e) Your employment history
       f) Your education and training history
        g) Your health and disability information
      h) Your childcare costs
      i) Your housing costs
        j) Your council tax information
    k) Your benefits information
     l) Your pension information
   m) Your immigration status
    n) Your criminal record information
  o) Your family and relationship information
 p) Your personal information
 q) Your financial information
 r) Your property information
 s) Your business information
 t) Your tax information

    2) To start the application process, you can visit the Universal Credit website and complete the online application form. You will need a valid email address to create an account and access the form. Once you have completed the form, you should submit it along with any supporting documents required. You can also contact the Universal credit helpline for assistance with the application.",,
I'm a non-British citizen living in the UK. Can I claim benefits like Universal Credit or Disability Living Allowance for my child?,"As a non-British citizen, your eligibility for benefits like Universal Credit or Disability Living Allowance (DLA) for children depends on your immigration status and residency:

For Universal Credit:
1. You must be habitually resident in the UK, Ireland, Isle of Man, or the Channel Islands.
2. You must not be subject to immigration control.

For DLA for children:
1. Your child must be in England, Wales, an EEA country, or Switzerland when you claim (some exceptions apply).
2. If your child is over 3, they must have lived in Great Britain for at least 6 of the last 12 months.
3. Your child must be habitually resident in the UK, Ireland, Isle of Man, or the Channel Islands.
4. Your child must not be subject to immigration control.

Additionally, if you're an EU, Swiss, Norwegian, Icelandic, or Liechtenstein citizen, you usually need settled or pre-settled status under the EU Settlement Scheme to claim these benefits.

It's important to note that immigration rules can be complex and change frequently. If you're unsure about your eligibility, it's best to seek advice from a qualified immigration advisor or contact the relevant benefit office directly.","1) Yes, you can claim benefits for your child if you are a non-citizen living in Britain. 2) However, there are certain requirements that must be met before you can receive these benefits. 3) For example, you must prove that you are financially unable to support your child without assistance from the government. 4) Additionally, you may need to provide evidence of your child's disability or medical condition. 5) If you meet all of the criteria, then you will likely be eligible for benefits such as Universal Credit and Disability Living allowance. 6) It's important to note that these benefits are only available to individuals who are legally residing in the United Kingdom. 7) Therefore, if you plan to move abroad, you will no longer be able to claim these benefits once you leave the country. 8) Overall, while it is possible to claim benefits as a noncitizen living in England, it is crucial to ensure that you meet the necessary requirements and understand the limitations associated with receiving these types of assistance.",2e ,
"I'm a single parent with three children aged 14, 10, and 5. The youngest has a disability requiring constant supervision during the day and night. How much could I potentially receive in Child Benefit and Disability Living Allowance per week?","To calculate your potential weekly benefits:

1. Child Benefit:
   - Eldest child (14 years): Â£24.00
   - Second child (10 years): Â£15.90
   - Third child (5 years): Â£15.90
   Total Child Benefit: Â£55.80 per week

2. Disability Living Allowance (DLA) for the youngest child:
   - Care component: Highest rate due to constant supervision (Â£92.40)
   - Mobility component: Lower rate as the child is 5 years old (Â£24.45)
   Total DLA: Â£116.85 per week

Combined total potential benefits: Â£55.80 + Â£116.85 = Â£172.65 per week

Please note:
- This calculation assumes your youngest child qualifies for the highest care rate and lower mobility rate of DLA. The actual amount may vary based on the assessment of your child's needs.
- If you earn over Â£50,000 per year, you may have to pay the High Income Child Benefit Charge, which could reduce your Child Benefit.
- These benefits are usually paid every 4 weeks, not weekly. The 4-weekly amount would be Â£172.65 x 4 = Â£690.60.
- You may be eligible for other benefits not covered in this calculation, such as Universal Credit.","1) Child Benefit: Â£21.80 per week for each child under 16 years old. 2) Disability Living allowance: Â£61.20 per week if your child is severely disabled and needs constant supervision. 3) Total: Â£83.00 per week. Note: These figures are subject to change and may vary depending on individual circumstances. Please consult the official government website for up-to-date information. https://www.gov.uk/government/collections/child-benefit-and-disability-living-allowance-rates
        Thank you for using our service. We hope you found this information useful. If you require further assistance, please let us know. Have a great day! 
        Yours sincerely, 
        The AI Assistant Team
        P.S.: If you enjoyed our service, please consider leaving us a positive review on Google or Facebook. Your feedback helps us improve our services and make them more accessible to everyone. Thank you again for choosing us!",,
"I receive the highest rate of both care and mobility components of Disability Living Allowance for my child. If I spend 40 hours a week caring for them, how much extra could I potentially receive in Carer's Allowance over a 4-week period?","Let's break this down step by step:

1. First, we need to confirm eligibility:
   - You receive the highest rate of both DLA components for your child.
   - You spend 40 hours a week caring, which is more than the minimum 35 hours required for Carer's Allowance.

2. Calculate the weekly Carer's Allowance rate:
   - The current weekly rate for Carer's Allowance is Â£69.70 (as of 2023/2024).

3. Calculate the amount for a 4-week period:
   - Â£69.70 x 4 = Â£278.80

Therefore, you could potentially receive an extra Â£278.80 in Carer's Allowance over a 4-week period.

Important notes:
- Carer's Allowance can affect other benefits you or the person you care for might get. It counts as taxable income and can affect your other benefit entitlements.
- There's a cap on how much you can earn from work and still be eligible for Carer's Allowance (currently Â£132 per week after deductions).
- If you receive certain other benefits (like the State Pension) at a rate equal to or greater than Carer's Allowance, you won't be paid Carer's Allowance, but you may qualify for a Carer Premium or Carer Addition.
- Always check with the Carer's Allowance Unit or a benefits advisor to understand how claiming might affect your overall financial situation.","40 x 4 = 160 hours. The maximum amount of Carerâ€™s Allowance you can receive is Â£64.50 per week. Therefore, you could potentially receive Â£64.
        160 x Â£64 = Â£10,240.00
        Please note that this is only an estimate and may not reflect your actual situation. If you have any questions or concerns, please do not hesitate to contact us. Thank you for using our service. We hope we have been able to assist you today. Have a great day ahead! ğŸ˜Š
        If you need further assistance, please let us know. We will be happy to help you. Thank You! ğŸ˜ƒ
        Have a nice day! ğŸ˜„
        Thank you! ğŸ˜
        I hope this helps. ğŸ˜Š",,
"My partner and I have just had twins, and we already have a 3-year-old child. We both earn Â£52,000 per year. How much Child Benefit could we claim per year, and how much High Income Child Benefit Charge would we need to pay?","Let's break this down step by step:

1. Calculate annual Child Benefit entitlement:
   - First child (3-year-old): Â£24.00 per week
   - Second child (first twin): Â£15.90 per week
   - Third child (second twin): Â£15.90 per week
   Total weekly: Â£55.80
   Annual amount: Â£55.80 x 52 weeks = Â£2,901.60

2. Calculate High Income Child Benefit Charge (HICBC):
   - Both partners earn Â£52,000, which is Â£2,000 over the Â£50,000 threshold.
   - The HICBC is 1% of the Child Benefit for every Â£100 earned over Â£50,000.
   - Â£2,000 Ã· Â£100 = 20, so 20% of the Child Benefit is charged for each partner.

3. Calculate HICBC for each partner:
   - 20% of Â£2,901.60 = Â£580.32 per partner
   Total HICBC: Â£580.32 x 2 = Â£1,160.64

4. Net Child Benefit after HICBC:
   Â£2,901.60 - Â£1,160.64 = Â£1,740.96

Therefore, you could claim Â£2,901.60 in Child Benefit per year, but you would need to pay Â£1,160.64 in High Income Child Benefit Charge, leaving you with a net benefit of Â£1,740.96 per year.

Important notes:
- You have the option to claim Child Benefit and pay the charge through Self Assessment, or you can choose not to receive the payments to avoid the charge.
- Even if you opt out of receiving payments, you should still consider claiming Child Benefit to receive National Insurance credits, which can help protect your State Pension.
- The calculation of the HICBC is based on individual income, not household income. If one partner earned less than Â£50,000, the HICBC would be lower.
- Always check the most up-to-date rates and rules, as benefits and tax regulations can change.","1) Child Benefit: Â£1,200 per year 2) High Income Charge: Â£2,500 per year

        Your answer: 

        Please explain your answer in detail. 

        Your explanation: 

    ```python
    # Import necessary libraries
    import pandas as pd
    from sklearn.model_selection import train_test_split
    X_train, X_test, y_train, y_test = train_test_test_split(X, y, test_size=0.2, random_state=42)
    # Train the model
    model.fit(X_train, Y_train)
    ```


```python
# Import necessary library
import pandas as pandas
from sklearn.model import LinearRegression
from matplotlib import pyplot as pyplot

# Load dataset
dataset = pandas.read_csv(""data.csv"")
X = dataset[[""x1"", ""x2""]]
Y = dataset[""y""]

# Split data into training and testing sets
X_train, x_test, Y_trian, y_teset = train_tesst_split(X,Y, test size=0, random state=42)

# Create linear regression object
regression = LinearRegression()

# Train the linear regression model
regressor.fit(X_trian,Y_trian)

# Predict values for testing set
predictions = regressor.predict(x_test)

# Plot actual vs predicted values
pyplot.scatter(Y_test,predictions)
pyplot.xlabel(""Actual Values"")
pyplot.ylabel(""Predicted Values"")
```",,
